year,make,model,parent,sales,msrp,curbweight,hp,mpg,yearssincedesign,footprint,marketsize
1980,chevrolet,chevrolet c-10,gm,301562,15.836868,3483,130,15.5,7,15283.2,22312000
1980,chevrolet,chevrolet c-20,gm,71666,18.198732,4039,150,13,7,16835.4,22312000
1980,chevrolet,chevrolet c-30,gm,49633,19.237263,4405,115,13,7,16835.4,22312000
1980,chevrolet,chevrolet el camino,gm,41051,17.004854,3748,115,18,2,14031.36,22312000
1980,dodge,dodge d-50,chrysler,44640,14.033105,2480,93,22,8,11999,22312000
1980,dodge,dodge d150,chrysler,48394,15.644121,3405,90,17,8,15343.5,22312000
1980,dodge,dodge d200,chrysler,8693,17.755703,3855,90,17,8,16933.5,22312000
1980,dodge,dodge d300,chrysler,4037,18.831633,4045,130,15,8,18412.199,22312000
1980,dodge,dodge w150,chrysler,11739,15.644121,3985,120,13,0,15343.5,22312000
1980,dodge,dodge w200,chrysler,5168,17.755703,4365,120,13,0,16710.9,22312000
1980,dodge,dodge w300,chrysler,548,18.831633,4410,130,11,0,18412.199,22312000
1980,ford,ford courier,ford,77375,14.510656,2712.5,77,27,3,11569.95,22312000
1980,ford,ford f100,ford,148838,15.963448,3390,115,18,0,14498.16,22312000
1980,ford,ford f150,ford,192802,16.389215,3605,115,16.5,0,14664.14,22312000
1980,ford,ford f250,ford,79203,17.934067,4020,117,16,0,16080.76,22312000
1980,ford,ford f350,ford,54971,19.473162,4350,117,17,0,17763.721,22312000
1980,gmc,gmc c-1500,gm,63588,15.836868,3483,130,15.5,7,15283.2,22312000
1980,gmc,gmc c-2500,gm,18958,17.140064,4241.5,150,13,7,16835.4,22312000
1980,gmc,gmc c-3500,gm,22224,19.237263,4605,115,13,7,16755.801,22312000
1980,gmc,gmc caballero,gm,4717,17.004854,3748,115,18,2,14031.36,22312000
1980,jeep,jeep j10,renault,6988,19.775229,3724,114,14,4,15188.25,22312000
1980,jeep,jeep j20,renault,1668,22.545601,4335,150,12,4,16135.05,22312000
1980,subaru,subaru brat,subaru,12003,15.529049,2200,71,23,2,10052.8,22312000
1981,chevrolet,chevrolet c-10,gm,283830.31,17.721279,3483,130,19,8,15299.12,22948000
1981,chevrolet,chevrolet c-20,gm,68481.602,23.332973,4039,150,15,8,16827.439,22948000
1981,chevrolet,chevrolet c-30,gm,45108.016,24.565826,4405,115,13,8,16827.439,22948000
1981,chevrolet,chevrolet el camino,gm,33115.777,21.999773,3748,115,19,3,14495.04,22948000
1981,dodge,dodge d150,chrysler,41879,20.360313,3405,90,18,9,15343.5,22948000
1981,dodge,dodge d200,chrysler,10944.858,20.589682,3855,90,18,9,16933.5,22948000
1981,dodge,dodge d300,chrysler,4312.1787,23.228716,4045,140,15,9,16933.5,22948000
1981,dodge,dodge ram-50,chrysler,25175,16.016659,2520,90,22,0,11999,22948000
1981,dodge,dodge w150,chrysler,8318.6113,22.093605,3985,90,16,1,15423,22948000
1981,dodge,dodge w250,chrysler,4701.5728,22.928974,4365,120,13,0,17013,22948000
1981,dodge,dodge w350,chrysler,641.77911,24.962008,4410,140,11,0,16933.5,22948000
1981,ford,ford courier,ford,63925,16.359407,2712.5,77,27,4,11569.95,22948000
1981,ford,ford f100,ford,150563.95,19.865088,3390,115,20,1,14498.16,22948000
1981,ford,ford f150,ford,185500.31,21.763889,3605,115,19,1,14664.14,22948000
1981,ford,ford f250,ford,63354.34,23.114033,4020,115,17.5,1,16080.76,22948000
1981,ford,ford f350,ford,32715.391,25.328215,4350,115,17,1,17794.6,22948000
1981,gmc,gmc c-1500,gm,50069.691,19.454571,3483,130,19,8,15299.12,22948000
1981,gmc,gmc c-2500,gm,16553.969,23.332973,4241.5,150,15,8,16827.439,22948000
1981,gmc,gmc c-3500,gm,15418.414,23.959826,4605,115,13,8,16855.301,22948000
1981,gmc,gmc caballero,gm,3964.2231,21.999773,3748,115,19,3,14495.04,22948000
1981,isuzu,isuzu p'up,gm,9959,17.648298,2615,58,32,0,10987.2,22948000
1981,jeep,jeep j10,renault,5174.3164,24.256962,3724,110,15,5,15188.25,22948000
1981,jeep,jeep j20,renault,1341.6837,27.094088,4335,145,13,5,16135.05,22948000
1981,mazda,mazda pickup,mazda,16798,14.192141,2615,77,31,0,11824.32,22948000
1981,nissan,nissan pickup,nissan,119684,17.14786,2500,103,31,0,10713.6,22948000
1981,peugeot,peugeot 505 turbodiesel,peugeot,9248,33.831768,3250,80,32,0,10529.88,22948000
1981,peugeot,peugeot 505/504 diesel,peugeot,4618,30.391251,3300,71,31,2,11858.4,22948000
1981,plymouth,plymouth arrow,chrysler,8727,16.016659,2520,90,22,2,11186.76,22948000
1981,subaru,subaru brat,subaru,5553,15.245148,2200,71,29,3,9344.1602,22948000
1981,toyota,toyota pickup,toyota,120963,15.789897,2530,100,24,0,10077.79,22948000
1982,chevrolet,chevrolet el camino,gm,22732,22.562267,3748,115,19,4,14495.04,23412000
1982,chevrolet,chevrolet light conventional,gm,393277,24.639952,4039,130,16,0,16827.439,23412000
1982,chevrolet,chevrolet s10,gm,177758,16.48885,2500,82,28,0,11529.54,23412000
1982,dodge,dodge d150,chrysler,58380,21.393265,3405,90,19,10,15343.5,23412000
1982,dodge,dodge d250,chrysler,5132,23.777933,3855,90,19,10,16933.5,23412000
1982,dodge,dodge d350,chrysler,4916,25.894911,4045,140,14,10,16933.5,23412000
1982,dodge,dodge ram-50,chrysler,34614,15.879789,2500,90,19,3,11999,23412000
1982,dodge,dodge rampage,chrysler,17067,18.188326,2295,84,25,0,12264.48,23412000
1982,dodge,dodge w150,chrysler,7230,21.393265,3985,90,17,2,15423,23412000
1982,dodge,dodge w250,chrysler,1888,23.777933,4365,120,14,2,17013,23412000
1982,dodge,dodge w350,chrysler,2447,25.894911,4410,140,12,2,16933.5,23412000
1982,ford,ford courier,ford,32967,16.432365,2543.5,77,27,5,11276.11,23412000
1982,ford,ford f100,ford,108096,20.997866,3390,115,20,2,14498.16,23412000
1982,ford,ford f150,ford,183606,21.953207,3605,115,19,2,14664.14,23412000
1982,ford,ford f250,ford,69482,23.537256,4020,115,17,2,16080.76,23412000
1982,ford,ford f350,ford,28805,26.558002,4350,115,17,2,16080.76,23412000
1982,gmc,gmc caballero,gm,2573,22.562267,3748,115,19,4,14495.04,23412000
1982,gmc,gmc light conventional,gm,109762,24.639952,3999,130,16,0,16827.439,23412000
1982,gmc,gmc s15 pickup,gm,39359,16.48885,2500,82,28,0,11529.54,23412000
1982,isuzu,isuzu pickup,gm,17669,17.790472,2615,58,32,2,10987.2,23412000
1982,jeep,jeep light conventional,renault,5562,27.164606,4029.5,127.5,15.5,0,15661.65,23412000
1982,mazda,mazda pickup,mazda,41005,14.968654,2595,77,27,2,11781,23412000
1982,nissan,nissan pickup,nissan,106569,15.81348,2815,103,26,2,11666.515,23412000
1982,plymouth,plymouth arrow,chrysler,5394,15.879789,2500,90,21,3,11999,23412000
1982,subaru,subaru brat,subaru,6909,16.501129,2220,71,27,4,10902.92,23412000
1982,toyota,toyota pickup,toyota,142205,18.316032,2530,100,24,4,10077.79,23412000
1982,volkswagen,volkswagen pickup,volkswagen,8644,28.09539,2500,74,27,3,10948,23412000
1983,chevrolet,chevrolet el camino,gm,24010,22.470581,3748,110,19,5,14495.04,23568000
1983,chevrolet,chevrolet light conventional,gm,412533,21.813879,4039,130,16,1,16859.279,23568000
1983,chevrolet,chevrolet s10 pickup,gm,182692,16.515068,2500,82.5,25,0,11529.54,23568000
1983,dodge,dodge ram pickup,chrysler,85636,23.665014,3855,90,19,0,16933.5,23568000
1983,dodge,dodge ram-50,chrysler,33141,16.76133,2836,90,24.5,4,11986,23568000
1983,dodge,dodge rampage,chrysler,10297,17.688087,2295,44,26,1,12264.48,23568000
1983,ford,ford light conventional,ford,453108,22.829863,3530,115,17,0,15289.46,23568000
1983,ford,ford ranger,ford,187524,16.051094,2527,74,27,0,11747.64,23568000
1983,gmc,gmc caballero,gm,2160,22.470581,3748,110,19,5,14495.04,23568000
1983,gmc,gmc light conventional,gm,105741,24.281265,3999,130,17,1,16859.279,23568000
1983,gmc,gmc s15 pickup,gm,40491,26.879515,2500,82,27,1,11529.54,23568000
1983,isuzu,isuzu p'up,gm,26211,15.488378,2512.5,70,29.5,2,10987.2,23568000
1983,jeep,jeep light conventional,renault,4263,27.389887,4029.5,145,15.5,1,15661.65,23568000
1983,jeep,jeep scrambler,renault,4678,18.792105,2684,86,21,0,11029.17,23568000
1983,mazda,mazda pickup,mazda,76150,14.502137,2590,77,31,3,12033,23568000
1983,mitsubishi,mitsubishi pickup,mitsubishi,7701,18.544653,2628,85,34,0,11986,23568000
1983,nissan,nissan pickup,nissan,125640,19.712914,2720,103,31,3,11594,23568000
1983,nissan,nissan pulsar nx,nissan,48659,17.604809,1901,69,33,0,8791.2402,23568000
1983,peugeot,peugeot 505,peugeot,14791,33.578575,3135,88.5,24.5,4,10529.88,23568000
1983,peugeot,peugeot 604,peugeot,450,47.063541,3500,80,27,8,10826.49,23568000
1983,plymouth,plymouth scamp,chrysler,2618,17.688087,2295,94,26,0,12264.48,23568000
1983,subaru,subaru brat,subaru,5897,16.448446,2175,73,27,5,9565.4502,23568000
1983,toyota,toyota pickup,toyota,171052,17.745192,2530,100,24,0,10077.79,23568000
1983,volkswagen,volkswagen diesel pickup,volkswagen,2842,16.976662,2500,63,27,0,10703.88,23568000
1983,volkswagen,volkswagen pickup,volkswagen,2025,16.976662,2500,78,27,4,10703.88,23568000
1984,chevrolet,chevrolet el camino,gm,22997,21.197241,3901,107.5,20.5,6,14495.04,24164000
1984,chevrolet,chevrolet light conventional,gm,461258,23.24439,4437,115,15,2,16795.6,24164000
1984,chevrolet,chevrolet s10 pickup,gm,187065,16.17522,2619,82.5,25.5,1,11529.54,24164000
1984,dodge,dodge ram pickup,chrysler,134264,22.550596,4005,90,16,1,15661.5,24164000
1984,dodge,dodge ram-50,chrysler,51298,17.436146,2536.5,90,25,5,11036.34,24164000
1984,dodge,dodge rampage,chrysler,10260,16.964867,2325,94,25.5,2,12264.48,24164000
1984,ford,ford light conventional,ford,540885,23.050402,3970,120,17,1,16080.76,24164000
1984,ford,ford ranger,ford,220687,16.801689,2587,74,27,1,11747.64,24164000
1984,gmc,gmc caballero,gm,2702,21.197241,3901,107.5,20.5,6,14495.04,24164000
1984,gmc,gmc light conventional,gm,121704,23.24439,4437,115,15,2,16795.6,24164000
1984,gmc,gmc s15 pickup,gm,43742,16.928352,2761,83,23.5,2,11529.54,24164000
1984,isuzu,isuzu pickup,gm,37443,17.65638,2627.5,72,30,4,10995.92,24164000
1984,jeep,jeep pickup,renault,3404,22.6784,4029.5,112,15,0,15780,24164000
1984,jeep,jeep scrambler,renault,2826,15.964114,2684,86,23,1,10852.86,24164000
1984,mazda,mazda,mazda,119127,13.910118,2590,78,32,0,12033,24164000
1984,mitsubishi,mitsubishi pickup,mitsubishi,14943,20.743078,2844,90,26,1,11986,24164000
1984,nissan,nissan,nissan,108562,16.76289,3050,103,31,0,11456.64,24164000
1984,nissan,nissan pickup,nissan,95162,19.147808,2735,103,25,4,11855.8,24164000
1984,subaru,subaru brat,subaru,4496,20.347115,2325,84,27,6,11218.48,24164000
1984,toyota,toyota pickup,toyota,245616,16.929493,3530,100,27.5,1,11200.407,24164000
1985,chevrolet,chevrolet el camino,gm,21816,20.893377,3901,130,17,7,14495.04,24716000
1985,chevrolet,chevrolet light conventional,gm,476048,22.976875,4437,115,15,3,16795.6,24716000
1985,chevrolet,chevrolet s10 pickup,gm,210051,15.930883,2673,87,23,2,12001.85,24716000
1985,dodge,dodge ram pickup,chrysler,160574,22.719055,4005,90,16,2,15661.5,24716000
1985,dodge,dodge ram-50,chrysler,66745,16.784777,2530,90,22,6,11986,24716000
1985,ford,ford light conventional,ford,562507,23.344875,3970,120,17,2,16080.76,24716000
1985,ford,ford ranger,ford,247042,16.696632,2587,90,26,2,11747.64,24716000
1985,gmc,gmc caballero,gm,2605,20.893377,3901,130,17,7,14495.04,24716000
1985,gmc,gmc light conventional,gm,121434,22.976875,4437,115,15,3,16795.6,24716000
1985,gmc,gmc s15 pickup,gm,46953,15.930883,2673,87,23,3,12001.85,24716000
1985,isuzu,isuzu pickup,gm,52305,18.045231,2709,82,23,5,12083.65,24716000
1985,jeep,jeep pickup,renault,1974,24.322168,4029.5,112,12.5,1,15780,24716000
1985,jeep,jeep scrambler,renault,1414,16.046572,2684,86,19,2,10852.86,24716000
1985,mazda,mazda pickup,mazda,107602,14.091984,2710,80,22,5,12726.09,24716000
1985,mitsubishi,mitsubishi pickup,mitsubishi,21430,16.745111,2723,88,23,2,12078.2,24716000
1985,nissan,nissan pickup,nissan,130862,19.600969,2720,103,21,5,11405.66,24716000
1985,subaru,subaru brat,subaru,4128,17.46789,2245,73,26,7,11392.68,24716000
1985,toyota,toyota pickup,toyota,275374,17.38195,2760,116,23,2,11745.58,24716000
1986,chevrolet,chevrolet el camino,gm,21508,21.932323,3236.5,130,17,8,14495.04,25384000
1986,chevrolet,chevrolet light conventional,gm,442552,23.760286,4364,115,15,4,16891.119,25384000
1986,chevrolet,chevrolet s10 pickup,gm,203416,16.277634,2645,92,23,3,11529.54,25384000
1986,dodge,dodge ram pickup,chrysler,106451,24.160255,3940.5,90,16.5,3,16758.6,25384000
1986,dodge,dodge ram-50,chrysler,78706,16.168453,2745,108,19.5,7,11976.78,25384000
1986,ford,ford light conventional,ford,544969,24.7094,4019,120,16,3,14830.12,25384000
1986,ford,ford ranger,ford,269490,17.211615,2800,88,23,3,11747.64,25384000
1986,gmc,gmc caballero,gm,2542,21.932323,3236.5,130,17,8,14495.04,25384000
1986,gmc,gmc light conventional,gm,112799,23.760286,4364,115,15,4,16891.119,25384000
1986,gmc,gmc s15 pickup,gm,46084,16.277634,2645,92,23,4,11529.54,25384000
1986,isuzu,isuzu pickup,gm,51827,17.401869,2760,92,25,6,12064.5,25384000
1986,jeep,jeep comanche,renault,33386,16.969471,3009.5,117,23.5,0,14017.35,25384000
1986,jeep,jeep pickup,renault,1515,25.217468,4098,112,13.5,2,16253.4,25384000
1986,mazda,mazda pickup,mazda,157127,14.906931,2720,80,22,6,12726.09,25384000
1986,mitsubishi,mitsubishi mighty max,mitsubishi,23348,13.531904,2515,88,23,0,11986,25384000
1986,mitsubishi,mitsubishi pickup,mitsubishi,28312,17.672119,2793,106,20,3,12078.2,25384000
1986,nissan,nissan,nissan,96827,18.158566,3052.5,106,20,2,12492.5,25384000
1986,nissan,nissan pickup,nissan,119403,18.258018,2723,103,22,6,11855.8,25384000
1986,subaru,subaru brat,subaru,4142,16.82678,2205,73,26,8,11392.68,25384000
1986,toyota,toyota pickup,toyota,320661,19.19416,2922.5,116,21,3,12205.83,25384000
1987,chevrolet,chevrolet el camino,gm,13743,23.01549,3236.5,130,18,9,14495.04,25792000
1987,chevrolet,chevrolet light conventional,gm,417670,24.428604,4364,185,12,5,16891.119,25792000
1987,chevrolet,chevrolet s10 pickup,gm,224807,16.679947,2658,98,22,4,11529.54,25792000
1987,dodge,dodge dakota,chrysler,99045,19.249622,3186,110,19,0,12715.56,25792000
1987,dodge,dodge ram pickup,chrysler,97670,26.134768,4098,120,15,4,16758.6,25792000
1987,dodge,dodge ram-50,chrysler,65593,17.597689,2887.5,109,19.5,8,12075.04,25792000
1987,ford,ford light conventional,ford,550125,26.109739,4019,150,16,4,16605.801,25792000
1987,ford,ford ranger,ford,305295,19.220421,2800,90,23,4,11747.64,25792000
1987,gmc,gmc caballero,gm,1705,23.01549,3236.5,130,18,9,14495.04,25792000
1987,gmc,gmc light conventional,gm,115839,24.428604,4364,185,12,5,16891.119,25792000
1987,gmc,gmc s15 pickup,gm,49191,16.679947,2658,98,22,5,11529.54,25792000
1987,isuzu,isuzu pickup,gm,44279,18.092018,2627.5,96,21,7,12064.5,25792000
1987,jeep,jeep comanche,chrysler,38094,21.184179,3100.5,117,20.5,1,13909.8,25792000
1987,jeep,jeep pickup,chrysler,1347,27.193298,4088,112,12.5,3,16253.4,25792000
1987,mazda,mazda pickup,mazda,123699,16.675776,2720,80,22,7,12726.09,25792000
1987,mitsubishi,mitsubishi pickup,mitsubishi,37835,15.662088,2765,109,19,4,11717.4,25792000
1987,nissan,nissan pickup,nissan,163691,19.91707,2795,106,17,7,11855.8,25792000
1987,subaru,subaru brat,subaru,1274,17.391197,2205,73,24,9,11218.48,25792000
1987,toyota,toyota pickup,toyota,252935,20.582434,2797.5,103,21.5,4,12169.01,25792000
1988,chevrolet,chevrolet ck pickup,gm,474210,25.126474,4253.5,160,16.5,0,15989.76,26428000
1988,chevrolet,chevrolet s10 pickup,gm,248768,19.662716,2744.5,92,22,5,11529.54,26428000
1988,chevrolet,chevrolet suburban,gm,66897,30.585222,5335,122.5,16,15,18526.9,26428000
1988,dodge,dodge ram dakota,chrysler,93396,23.68664,3717.5,125,15,0,16758.6,26428000
1988,dodge,dodge ram pickup,chrysler,82013,27.173506,4414,170,12.5,5,16758.6,26428000
1988,ford,ford f series,ford,564471,27.199556,4300,150,15,0,16605.801,26428000
1988,ford,ford festiva,ford,69167,12.628866,1713,58,38,1,8879.5996,26428000
1988,ford,ford ranger,ford,298579,19.831047,2920,90,22,5,11747.64,26428000
1988,gmc,gmc s15 pickup,gm,52575,17.062929,2668.75,95,23,6,11774.787,26428000
1988,gmc,gmc sierra,gm,141329,27.462944,4582,160,17,0,16265.56,26428000
1988,isuzu,isuzu pickup,gm,40780,18.985382,2795,120,20,8,12357.63,26428000
1988,jeep,jeep comanche,chrysler,37971,17.973391,2810,117,22,2,12848.64,26428000
1988,jeep,jeep pickup,chrysler,221,26.898964,3417,112,17,4,13079.07,26428000
1988,mazda,mazda b series,mazda,93287,19.837059,2930,102,18,0,13061.16,26428000
1988,mitsubishi,mitsubishi pickup,mitsubishi,33264,17.502462,2820,109,20,5,12003.39,26428000
1988,nissan,nissan pickup,nissan,128209,20.488342,3170,106,17,8,12350,26428000
1988,toyota,toyota pickup,toyota,230373,19.815016,2760,109.5,21,5,12241.72,26428000
1989,chevrolet,chevrolet ck pickup,gm,489992,27.07955,4549,160,17,1,16265.56,27132000
1989,chevrolet,chevrolet s10 pickup,gm,228691,18.913521,2774,92,24,6,12493.44,27132000
1989,dodge,dodge ram dakota,chrysler,89294,21.909929,3641.5,125,14.5,1,16170.3,27132000
1989,dodge,dodge ram pickup,chrysler,90302,25.510593,4269,125,12,6,16758.6,27132000
1989,ford,ford f series,ford,540739,27.745949,4380,150,15,1,16597.9,27132000
1989,ford,ford festiva,ford,69328,12.672116,1113,58,38,2,8879.5996,27132000
1989,ford,ford ranger,ford,284125,21.124973,2920,100,22,6,12149.04,27132000
1989,gmc,gmc s15 pickup,gm,52601,17.445911,2679.5,92,24,7,12020.4,27132000
1989,gmc,gmc sierra,gm,148661,27.462944,4582,160,17,1,16265.56,27132000
1989,isuzu,isuzu pickup,gm,46976,19.213736,2885,120,19,9,12357.63,27132000
1989,jeep,jeep comanche,chrysler,25074,19.295959,3044,121,21,3,13379.22,27132000
1989,mazda,mazda b series,mazda,78473,19.921247,2790,85,21,1,12726.09,27132000
1989,mitsubishi,mitsubishi pickup,mitsubishi,23679,18.919258,2820,109,20,6,12003.39,27132000
1989,nissan,nissan pickup,nissan,132624,21.529404,3140,106,17,9,12635,27132000
1989,toyota,toyota pickup,toyota,208604,21.785637,3950,150,19,0,12382.3,27132000
1990,chevrolet,chevrolet ck pickup,gm,464667,26.108843,4256,160,17,2,16265.56,27340000
1990,chevrolet,chevrolet s10 pickup,gm,210318,19.201147,2774,92,23,7,12493.44,27340000
1990,dodge,dodge ram dakota,chrysler,74812,24.144285,3380,125,16,2,12715.56,27340000
1990,dodge,dodge ram pickup,chrysler,87978,25.649902,4265,125,13,7,16758.6,27340000
1990,ford,ford f series,ford,496017,27.4512,4380,150,15.5,2,16597.9,27340000
1990,ford,ford ranger,ford,280610,19.365313,2998.5,100,24,7,12191,27340000
1990,gmc,gmc s15 pickup,gm,9910,19.201147,2774,92,23,8,12493.44,27340000
1990,gmc,gmc sierra,gm,141079,26.651228,4534,160,16.5,2,16265.56,27340000
1990,gmc,gmc sonoma,gm,35959,22.049093,2793,105,23,0,12493.44,27340000
1990,isuzu,isuzu pickup,gm,48661,17.793486,2855,120,19,10,12907.08,27340000
1990,jeep,jeep comanche,chrysler,12154,20.359383,3035,121,20,4,13909.8,27340000
1990,mazda,mazda b series,mazda,77409,17.465153,2965,121,19,2,12726.09,27340000
1990,mitsubishi,mitsubishi pickup,mitsubishi,25542,16.774021,2717.5,116,19,7,11553.44,27340000
1990,nissan,nissan pickup,nissan,134260,22.83186,3080,134,19,10,12305.825,27340000
1990,toyota,toyota pickup,toyota,181719,22.118052,3212.5,116,19,1,12369,27340000
1991,chevrolet,chevrolet ck pickup,gm,404799,26.798944,4450,160,17,3,16327.68,27724000
1991,chevrolet,chevrolet s10 pickup,gm,200247,19.872984,2793,105,23,8,12467.52,27724000
1991,dodge,dodge ram dakota,chrysler,82336,24.063364,3660,125,16,3,13864.68,27724000
1991,dodge,dodge ram pickup,chrysler,80176,26.664253,4374,157.5,13,8,16758.6,27724000
1991,ford,ford f series,ford,432644,27.164385,4400.5,150,15.5,3,16605.801,27724000
1991,ford,ford ranger,ford,233503,21.359106,3130.5,100,22,8,12191,27724000
1991,gmc,gmc sierra,gm,122417,27.48719,4462,160,17,0,16773.119,27724000
1991,gmc,gmc sonoma,gm,44109,22.049093,2793,105,23,1,12493.44,27724000
1991,isuzu,isuzu pickup,gm,35901,17.850882,2915,120,19,11,12907.08,27724000
1991,jeep,jeep comanche,chrysler,6663,89.317924,3035,130,18.5,5,13382.805,27724000
1991,mazda,mazda b series,mazda,62421,16.824169,2930,121,19,3,12726.09,27724000
1991,mitsubishi,mitsubishi pickup,mitsubishi,18247,16.195959,2680,116,19,8,11553.44,27724000
1991,nissan,nissan pickup,nissan,129633,19.357887,3175,134,19,11,12350,27724000
1991,toyota,toyota pickup,toyota,162972,21.261656,3227.5,133,19,2,12369,27724000
1992,chevrolet,chevrolet ck pickup,gm,428188,27.958178,4367,160,15,4,16742.4,28268000
1992,chevrolet,chevrolet s10 pickup,gm,191982,21.526302,3027,160,17,9,11755.99,28268000
1992,dodge,dodge ram 50,chrysler,5300,16.750669,2640,116,19,4,11535.72,28268000
1992,dodge,dodge ram dakota,chrysler,132057,20.848906,3236,117,21,4,13864.68,28268000
1992,dodge,dodge ram pickup,chrysler,80098,27.678604,4483,190,13,9,16758.6,28268000
1992,ford,ford f series,ford,470788,26.638018,4334,145,15,0,16850.699,28268000
1992,ford,ford ranger,ford,247777,20.946039,3128,100,21,9,12191,28268000
1992,gmc,gmc sierra,gm,144993,23.781469,3767.5,160,17,1,15617.28,28268000
1992,gmc,gmc sonoma,gm,47464,21.436592,2913.75,120,21.5,2,12247.463,28268000
1992,isuzu,isuzu pickup,gm,31385,18.510963,2915,120,19,12,11808.18,28268000
1992,jeep,jeep comanche,chrysler,3181,19.487358,3030,130,19,6,13382.805,28268000
1992,mazda,mazda b series,mazda,49686,17.475445,2930,121,19,4,12726.09,28268000
1992,mitsubishi,mitsubishi pickup,mitsubishi,14615,16.507496,2763,116,19,9,11912.04,28268000
1992,nissan,nissan pickup,nissan,121264,18.791382,3175,134,19,12,12350,28268000
1992,toyota,toyota pickup,toyota,175150,22.666555,3252.5,133,19,3,12369,28268000
1992,toyota,toyota t100 (toyota),toyota,1461,26.324238,3430,150,50,0,15724.32,28268000
1993,chevrolet,chevrolet ck pickup,gm,513147,27.781317,4411,165,15,5,14906.88,28556000
1993,chevrolet,chevrolet s10 pickup,gm,183700,20.605038,3034.5,135,17,10,12001.85,28556000
1993,dodge,dodge ram 50,chrysler,1658,16.750669,2640,116,19,5,11535.72,28556000
1993,dodge,dodge ram dakota,chrysler,119299,21.529659,3231,99,21,5,12927.6,28556000
1993,dodge,dodge ram pickup,chrysler,95542,28.065186,4332,230,13,10,17482.051,28556000
1993,ford,ford f series,ford,543634,26.176561,4478.5,145,15,1,16850.699,28556000
1993,ford,ford ranger,ford,340184,21.733126,2955,122.5,21,0,13394.2,28556000
1993,gmc,gmc sierra,gm,169510,28.059443,4411,165,15,2,14906.88,28556000
1993,gmc,gmc sonoma,gm,45589,20.824093,3034.5,135,20,3,12001.85,28556000
1993,isuzu,isuzu pickup,gm,30731,18.357887,2922.5,120,18.5,13,11808.18,28556000
1993,mazda,mazda b series,mazda,47207,19.337477,3065,121,19,5,13061.16,28556000
1993,mitsubishi,mitsubishi pickup,mitsubishi,11586,16.948393,2765,116,19,10,11642.04,28556000
1993,nissan,nissan pickup,nissan,110917,21.16703,3175,134,23,13,12350,28556000
1993,toyota,toyota pickup,toyota,182498,22.952282,3110,116,19,4,12841.15,28556000
1993,toyota,toyota t100 (toyota),toyota,22028,26.324238,3430,150,16,1,15724.32,28556000
1994,chevrolet,chevrolet ck pickup,gm,545125,27.767479,4411,165,15,6,15617.28,28844000
1994,chevrolet,chevrolet s10 pickup,gm,250991,21.495829,3034.5,141.5,20,0,12474.16,28844000
1994,dodge,dodge ram dakota,chrysler,116445,24.473343,3508,175,16,6,14379.75,28844000
1994,dodge,dodge ram pickup,chrysler,232092,29.001179,4240.5,197.5,15,11,17474.1,28844000
1994,ford,ford f series,ford,616593,27.274157,4478.5,145,15,2,16850.699,28844000
1994,ford,ford ranger,ford,344744,23.08453,2955,145,19,1,13602.4,28844000
1994,gmc,gmc sierra,gm,185897,28.296778,4411,165,15,3,14906.88,28844000
1994,gmc,gmc sonoma,gm,61333,23.628222,3449,165,17,0,13810.86,28844000
1994,isuzu,isuzu pickup,gm,24580,20.314898,2922.5,120,19,14,11808.18,28844000
1994,mazda,mazda b series,mazda,58215,22.271391,3258,160,18,6,13886.94,28844000
1994,mitsubishi,mitsubishi pickup,mitsubishi,13414,18.100151,2780,116,19,11,11642.04,28844000
1994,nissan,nissan pickup,nissan,123343,23.105318,3175,134,19,14,12350,28844000
1994,toyota,toyota pickup,toyota,204212,24.05518,3110,116,19,5,12841.15,28844000
1994,toyota,toyota t100 (toyota),toyota,15079,27.42927,3490,150,16,2,15724.32,28844000
1995,chevrolet,chevrolet ck pickup,gm,505464,28.974606,4411,170,15,7,14922.24,29596000
1995,chevrolet,chevrolet s10 pickup,gm,207193,22.307001,3303,136.5,19.5,1,13810.86,29596000
1995,dodge,dodge ram dakota,chrysler,111677,24.749613,3508,175,15,7,14400.5,29596000
1995,dodge,dodge ram pickup,chrysler,271501,29.716488,4707.5,220,13,0,17793.539,29596000
1995,ford,ford f series,ford,658202,27.316648,4374,145,15,3,16850.699,29596000
1995,ford,ford ranger,ford,309085,25.454166,2955,100,21,2,13623.22,29596000
1995,gmc,gmc sierra,gm,172457,28.937279,4411,162.5,15,4,14937.6,29596000
1995,gmc,gmc sonoma,gm,50517,22.581514,3303,136.5,19.5,1,13315.19,29596000
1995,isuzu,isuzu pickup,gm,14770,18.366629,2965,100,22,15,11808.18,29596000
1995,mazda,mazda b series,mazda,43437,23.679562,3197,145,19,7,14067.38,29596000
1995,mitsubishi,mitsubishi pickup,mitsubishi,5045,16.918638,2600,116,21,12,11642.04,29596000
1995,nissan,nissan pickup,nissan,126662,22.254898,3600,134,18,15,12635,29596000
1995,toyota,toyota pickup,toyota,54505,24.05518,3110,116,19,6,12841.15,29596000
1995,toyota,toyota t100 (toyota),toyota,37467,26.883495,3550,190,17,3,15724.32,29596000
1995,toyota,toyota tacoma,toyota,88967,26.701525,3212.5,170,22,0,13233.5,29596000
1996,chevrolet,chevrolet ck pickup,gm,519106,27.989697,4103,190,14,8,16327.68,29852000
1996,chevrolet,chevrolet s10 pickup,gm,190178,20.31102,3034.5,141.5,20,2,12474.16,29852000
1996,dodge,dodge ram dakota,chrysler,104754,25.198961,3528,175,16,8,14435.2,29852000
1996,dodge,dodge ram pickup,chrysler,383960,31.113596,4887,220,13.5,1,17793.539,29852000
1996,ford,ford f series,ford,744189,29.448523,4235,205,16,4,17308.9,29852000
1996,ford,ford ranger,ford,288393,25.452045,3220,100,20,3,13623.22,29852000
1996,gmc,gmc sierra,gm,169054,29.032255,4411,165,15,5,14906.88,29852000
1996,gmc,gmc sonoma,gm,44629,25.104527,3449,170,17,2,12819.52,29852000
1996,isuzu,isuzu hombre,gm,10165,18.155642,3125,118,23,0,12266.1,29852000
1996,isuzu,isuzu pickup,gm,1993,18.366629,2965,100,22,16,11808.18,29852000
1996,mazda,mazda b series,mazda,42815,23.397146,3258,145,19,8,14067.38,29852000
1996,mitsubishi,mitsubishi pickup,mitsubishi,3629,17.511974,2600,116,21,13,11642.04,29852000
1996,nissan,nissan pickup,nissan,127081,24.332428,2900,134,19,16,12350,29852000
1996,toyota,toyota pickup,toyota,640,24.05518,3110,116,19,7,12841.15,29852000
1996,toyota,toyota t100 (toyota),toyota,37926,30.457842,3600,190,17,4,15724.32,29852000
1996,toyota,toyota tacoma,toyota,142356,27.027973,3212.5,170,19,1,13233.5,29852000
1997,chevrolet,chevrolet ck pickup,gm,527842,29.005367,4275,230,15,9,16389.119,30408000
1997,chevrolet,chevrolet s10 pickup,gm,192314,23.757172,3318.5,149,20,3,13831.23,30408000
1997,dodge,dodge ram dakota,chrysler,131961,25.000553,3762,175,16,0,15358.2,30408000
1997,dodge,dodge ram pickup,chrysler,350257,31.239616,5011,235,14,2,17793.539,30408000
1997,ford,ford f series,ford,710156,31.837681,4339,215,16,0,17524.605,30408000
1997,ford,ford ranger,ford,298796,25.465715,3410,147,17,4,13623.22,30408000
1997,gmc,gmc sierra,gm,168478,29.644041,4275,230,15,6,16389.119,30408000
1997,gmc,gmc sonoma,gm,41714,23.960217,3318.5,146.5,20,3,13831.23,30408000
1997,isuzu,isuzu pickup,gm,12,18.366629,2965,100,22,17,11808.18,30408000
1997,mazda,mazda b series,mazda,37697,23.959478,3355,160,18,9,14067.38,30408000
1997,mitsubishi,mitsubishi pickup,mitsubishi,207,17.511974,2600,116,21,14,11642.04,30408000
1997,nissan,nissan pickup,nissan,96612,24.615135,3095,134,26,17,12350,30408000
1997,toyota,toyota pickup,toyota,41,24.05518,3110,116,19,8,12841.15,30408000
1997,toyota,toyota t100 (toyota),toyota,28381,30.166056,3600,190,17,5,15724.32,30408000
1997,toyota,toyota tacoma,toyota,145870,26.673656,3217.5,170,18,2,13233.5,30408000
1998,chevrolet,chevrolet ck pickup,gm,454311,29.887383,4275,230,16,10,16389.119,31012000
1998,chevrolet,chevrolet s10 pickup,gm,228093,24.184715,3350.5,147.5,19.5,4,13831.23,31012000
1998,chevrolet,chevrolet silverado,gm,78866,33.800152,4365,200,16,0,17858.75,31012000
1998,dodge,dodge ram dakota,daimler,152629,24.253056,3723,147.5,20,1,14678.95,31012000
1998,dodge,dodge ram pickup,daimler,410130,32.602764,4997.5,237.5,13,3,17771.131,31012000
1998,ford,ford f series,ford,787552,31.933916,4350,220,15,1,17568.914,31012000
1998,ford,ford ranger,ford,328136,24.005871,3430,145,17,0,13886.94,31012000
1998,gmc,gmc sierra,gm,156244,30.742346,4275,230,16,7,16389.119,31012000
1998,gmc,gmc sonoma,gm,54819,24.537315,3350.5,147.5,19.5,4,13831.23,31012000
1998,isuzu,isuzu hombre,gm,14991,24.167267,3402.5,147.5,21,2,13199.76,31012000
1998,mazda,mazda b series,mazda,41620,23.780499,3237,150,17,0,13997.98,31012000
1998,nissan,nissan frontier,nissan,91629,19.890995,2943,143,26,1,12255.95,31012000
1998,toyota,toyota t100 (toyota),toyota,7959,30.31341,3600,190,17,6,15724.32,31012000
1998,toyota,toyota tacoma,toyota,152770,25.951349,3215,150,19,3,13506.15,31012000
1999,chevrolet,chevrolet ck pickup,gm,98285,33.779686,4533,255,15,11,16824.5,31548000
1999,chevrolet,chevrolet s10 pickup,gm,233669,24.01899,3240,175,17,5,13403.46,31548000
1999,chevrolet,chevrolet silverado,gm,530106,33.778263,4442,262.5,16,1,17858.75,31548000
1999,dodge,dodge ram dakota,daimler,144148,24.472878,3808,175,15,2,15358.2,31548000
1999,dodge,dodge ram pickup,daimler,428930,31.444801,5209,237.5,13,4,17771.131,31548000
1999,ford,ford f series,ford,806579,34.482567,4950,235,14,2,18082.68,31548000
1999,ford,ford ranger,ford,348358,23.224333,3500,134.5,20,1,13886.94,31548000
1999,gmc,gmc sierra,gm,204128,36.508694,4533,255,15,8,17858.75,31548000
1999,gmc,gmc sonoma,gm,57992,24.494219,3469,180,17,5,13899.13,31548000
1999,isuzu,isuzu hombre,gm,7766,23.754341,3281.5,147.5,21,3,13199.76,31548000
1999,mazda,mazda b series,mazda,38726,25.269669,3237,150,17,1,13997.98,31548000
1999,nissan,nissan frontier,nissan,96301,23.448431,3499,143,18,2,14099.59,31548000
1999,toyota,toyota t100 (toyota),toyota,225,30.31341,3600,190,17,7,15724.32,31548000
1999,toyota,toyota tacoma,toyota,155476,25.636761,3195,150,18.5,4,13479.55,31548000
2000,chevrolet,chevrolet ck pickup,gm,84928,33.291996,4533,255,15,12,16728.35,31884000
2000,chevrolet,chevrolet s10 pickup,gm,211587,23.136189,3240,120,23,6,13403.46,31884000
2000,chevrolet,chevrolet silverado,gm,549190,33.115116,4516.5,285,15,2,17858.75,31884000
2000,dodge,dodge ram dakota,daimler,177395,27.240908,3866,175,15,3,15358.2,31884000
2000,dodge,dodge ram pickup,daimler,380874,30.633978,5058,230,14,5,17793.539,31884000
2000,ford,ford f series,ford,820248,35.303749,5200,310,15,3,18160,31884000
2000,ford,ford ranger,ford,330125,22.595224,3500,134.5,20,2,13886.94,31884000
2000,gmc,gmc sierra,gm,185187,34.221134,4591,255,15,9,17858.75,31884000
2000,gmc,gmc sonoma,gm,51093,22.988216,3240,175,17,6,13899.13,31884000
2000,isuzu,isuzu hombre,gm,4782,22.251101,3285,180,19,4,13695.43,31884000
2000,mazda,mazda b series,mazda,30124,24.556736,3252,143,18,2,13997.98,31884000
2000,nissan,nissan frontier,nissan,108738,25.341339,3599,170,17,3,14099.59,31884000
2000,toyota,toyota tacoma,toyota,147295,23.375011,3195,150,18.5,5,13479.55,31884000
2000,toyota,toyota tundra,toyota,100445,32.402779,4320,245,15,1,16356,31884000
2001,chevrolet,chevrolet avalanche,gm,52955,42.780411,6015.5,312.5,13.5,0,17691.66,33284000
2001,chevrolet,chevrolet ck pickup,gm,6687,35.022686,5791.5,300,15,13,17701.369,33284000
2001,chevrolet,chevrolet s10 pickup,gm,162181,22.560909,3198,120,22,7,13905.92,33284000
2001,chevrolet,chevrolet silverado,gm,701699,37.740063,5421,300,15,3,18912.811,33284000
2001,dodge,dodge ram dakota,daimler,154479,27.227299,3866,175,15,4,15358.2,33284000
2001,dodge,dodge ram pickup,daimler,344538,32.354168,5168,230,13,6,17793.539,33284000
2001,ford,ford f series,ford,865152,37.149734,5580,260,15,4,19515.574,33284000
2001,ford,ford ranger,ford,272460,27.086744,3469,150,17,3,14179.51,33284000
2001,gmc,gmc sierra,gm,206930,35.47179,4776,270,15,0,17874.449,33284000
2001,gmc,gmc sonoma,gm,42062,21.708216,3198,120,22,7,13905.92,33284000
2001,lincoln,lincoln blackwood,ford,137,69.18132,5580,300,12,0,17175.6,33284000
2001,nissan,nissan frontier,nissan,89434,28.37047,3897.5,170,16,4,13880.44,33284000
2001,toyota,toyota tacoma,toyota,161983,24.57016,3290,150,19,6,13452.95,33284000
2002,cadillac,cadillac escalade ext,gm,13494,67.488022,5752,345,12,1,17601.301,33720000
2002,chevrolet,chevrolet astro,gm,50616,34.37587,4323,190,15.5,7,14709.5,33720000
2002,chevrolet,chevrolet avalanche,gm,89372,42.780411,6015.5,312.5,13.5,1,17691.66,33720000
2002,chevrolet,chevrolet ck pickup,gm,292,29.995249,4412.25,220,15,14,15375.938,33720000
2002,chevrolet,chevrolet s10 pickup,gm,150992,27.037378,3198,120,19,8,13905.92,33720000
2002,chevrolet,chevrolet silverado,gm,647748,38.480625,5497,300,16,4,18904.84,33720000
2002,dodge,dodge ram dakota,daimler,130712,26.585392,3779,175,15,5,15401.16,33720000
2002,dodge,dodge ram pickup,daimler,396934,34.696079,5230,250,13.5,7,18193.23,33720000
2002,ford,ford econoline,ford,165085,34.702667,5455,255,14,10,16803.67,33720000
2002,ford,ford f series,ford,774037,37.772999,5828,260,16,5,19503.59,33720000
2002,ford,ford ranger,ford,226094,25.069992,3331.5,154,17,4,14039.62,33720000
2002,gmc,gmc safari van,gm,13665,34.37587,4323,190,15.5,6,14709.5,33720000
2002,gmc,gmc sierra,gm,200146,37.913998,5393,300,15,1,17874.449,33720000
2002,gmc,gmc sonoma,gm,41100,23.319376,3198,120,19,8,13905.92,33720000
2002,kia,kia sedona,hyundai,39088,27.132256,4709,195,15,1,14479.86,33720000
2002,lincoln,lincoln blackwood,ford,3066,69.18132,5580,300,12,1,17175.6,33720000
2002,mazda,mazda b series,mazda,20265,25.448843,3169.5,148.5,18.5,4,13997.98,33720000
2002,nissan,nissan frontier,nissan,75207,28.718813,3926.5,170,16,5,14446.48,33720000
2002,oldsmobile,oldsmobile silhouette,gm,22597,44.190392,3942,185,19,5,14533.86,33720000
2002,pontiac,pontiac montana,gm,47836,35.351654,3872.5,185,19,4,13975.2,33720000
2002,toyota,toyota tacoma,toyota,151960,24.687847,3392.5,170,19,7,13492.85,33720000
2002,toyota,toyota tundra,toyota,99333,31.230425,4298,240,15,3,16356,33720000
2002,volkswagen,volkswagen eurovan,volkswagen,6673,36.323486,4383,201,17,10,13647.4,33720000
2003,cadillac,cadillac escalade ext,gm,11256,65.981758,5752,345,12,2,17601.301,34512000
2003,chevrolet,chevrolet astro,gm,40123,32.763489,4323,190,15,8,14709.5,34512000
2003,chevrolet,chevrolet avalanche,gm,93482,44.561359,6094,312.5,13.5,2,17691.66,34512000
2003,chevrolet,chevrolet colorado,gm,3535,25.605354,3685,175,19.5,0,13993.2,34512000
2003,chevrolet,chevrolet s10 pickup,gm,136573,23.961628,3212,120,22,9,13905.92,34512000
2003,chevrolet,chevrolet silverado,gm,683889,38.42054,5506,300,16,5,18904.84,34512000
2003,chevrolet,chevrolet ssr,gm,1664,51.913429,4760,300,15,0,15044.04,34512000
2003,dodge,dodge ram dakota,daimler,111273,27.322233,3779,175,15,6,15394,34512000
2003,dodge,dodge ram pickup,daimler,449371,34.804203,5587.5,297.5,13.5,0,18353.029,34512000
2003,ford,ford f series,ford,806887,37.297119,5832,260,15,6,19503.59,34512000
2003,ford,ford ranger,ford,209117,25.837435,3350,154,17,5,13997.98,34512000
2003,gmc,gmc canyon,gm,1471,25.523788,3557,175,19.5,0,13999.96,34512000
2003,gmc,gmc sierra,gm,196429,39.063419,5402,300,15.5,2,18147.689,34512000
2003,gmc,gmc sonoma,gm,35040,23.18541,3198,120,20.5,9,13905.92,34512000
2003,lincoln,lincoln blackwood,ford,153,69.18132,5580,300,12,2,17175.6,34512000
2003,mazda,mazda b series,mazda,14970,24.88085,3490,154,19,5,13997.98,34512000
2003,nissan,nissan frontier,nissan,65161,29.411259,3990,180,16,6,14446.48,34512000
2003,nissan,nissan titan,nissan,2072,33.4846,5245,305,14,0,17666.961,34512000
2003,toyota,toyota tacoma,toyota,154154,24.45248,3392.5,170,19,8,13492.85,34512000
2003,toyota,toyota tundra,toyota,101316,33.599613,4470,240,15,4,16356,34512000
2004,cadillac,cadillac escalade ext,gm,9638,66.476044,5879,345,12,3,17601.301,34800000
2004,chevrolet,chevrolet avalanche,gm,80566,45.300331,5678,295,13.5,3,17691.66,34800000
2004,chevrolet,chevrolet colorado,gm,117475,25.605354,3685,175,19.5,1,13993.2,34800000
2004,chevrolet,chevrolet s10 pickup,gm,10014,31.490633,4083,190,15,10,13939.87,34800000
2004,chevrolet,chevrolet silverado,gm,680663,38.103729,5488,300,15,6,18147.689,34800000
2004,chevrolet,chevrolet ssr,gm,9648,51.913429,4760,300,15,1,15044.04,34800000
2004,dodge,dodge ram dakota,daimler,105614,27.311958,3909,210,16,7,15394,34800000
2004,dodge,dodge ram pickup,daimler,426289,35.757145,5658,330,13.5,1,18353.029,34800000
2004,ford,ford f series,ford,891482,36.72966,5648,260,15,0,18488.859,34800000
2004,ford,ford ranger,ford,156322,26.195137,3203,154,19,6,13997.98,34800000
2004,gmc,gmc canyon,gm,27193,25.523788,3557,175,19.5,1,13999.96,34800000
2004,gmc,gmc sierra,gm,213736,40.065067,5488,300,15,3,18147.689,34800000
2004,gmc,gmc sonoma,gm,3303,32.055317,4083,190,15,10,13939.87,34800000
2004,mazda,mazda b series,mazda,10266,25.272818,3485,154,17,6,13997.98,34800000
2004,nissan,nissan frontier,nissan,70703,28.096245,3995,195,16,7,14446.48,34800000
2004,nissan,nissan titan,nissan,83848,33.4846,5245,305,14,1,17666.961,34800000
2004,toyota,toyota tacoma,toyota,152933,24.080702,3392.5,170,18,9,13492.85,34800000
2004,toyota,toyota tundra,toyota,112484,34.276413,4585,240,14,5,16416.16,34800000
2005,cadillac,cadillac escalade ext,gm,7766,65.410843,5886,345,13,4,17569.5,35336000
2005,chevrolet,chevrolet avalanche,gm,63186,45.112179,5678,295,13.5,4,17691.66,35336000
2005,chevrolet,chevrolet colorado,gm,128359,25.356638,3656,175,19,2,13999.96,35336000
2005,chevrolet,chevrolet s10 pickup,gm,149,31.490633,4083,190,15,11,13939.87,35336000
2005,chevrolet,chevrolet silverado,gm,705980,38.595978,5527,300,15,7,18912.811,35336000
2005,chevrolet,chevrolet ssr,gm,8107,52.254639,4760,390,17,2,15044.04,35336000
2005,dodge,dodge ram dakota,daimler,104051,29.670027,4442.5,210,16,8,15666.08,35336000
2005,dodge,dodge ram pickup,daimler,400543,35.627335,5685,330,13.5,2,18284.119,35336000
2005,ford,ford f series,ford,854878,37.642033,6035,300,14,1,18472.881,35336000
2005,ford,ford ranger,ford,120958,25.2201,3456,154,17,7,13439.01,35336000
2005,gmc,gmc canyon,gm,34845,25.244373,3611,175,20,2,13999.96,35336000
2005,gmc,gmc sierra,gm,229488,39.641556,5561,300,15.5,4,18346.939,35336000
2005,gmc,gmc sonoma,gm,66,32.055317,4083,190,15,11,13939.87,35336000
2005,honda,honda ridgeline,honda,42593,36.005447,4498,247,16,0,15778.84,35336000
2005,isuzu,isuzu i-series,gm,889,23.101093,3674,175,17,0,13999.96,35336000
2005,lincoln,lincoln mark lt,ford,10274,49.137882,5455.5,300,14.5,0,17613.061,35336000
2005,mazda,mazda b series,mazda,5872,25.481039,3417,148,18,7,13997.98,35336000
2005,mitsubishi,mitsubishi raider,mitsubishi,1145,32.737034,4330.5,220,15,0,15810.81,35336000
2005,nissan,nissan frontier,nissan,72838,28.921799,4306,265,16,0,14960.4,35336000
2005,nissan,nissan titan,nissan,86945,35.196484,4953,305,14,2,17666.961,35336000
2005,toyota,toyota tacoma,toyota,168831,25.766253,3690,245,18,0,15524.26,35336000
2005,toyota,toyota tundra,toyota,126529,33.782555,4645,282,16,6,16863.676,35336000
2006,cadillac,cadillac escalade ext,gm,7019,63.704655,5814,345,13,5,17569.5,35752000
2006,chevrolet,chevrolet avalanche,gm,57076,44.540939,5678,295,13.5,5,17691.66,35752000
2006,chevrolet,chevrolet colorado,gm,93876,24.507217,3603,175,19,3,13999.96,35752000
2006,chevrolet,chevrolet silverado,gm,636069,35.973114,5398,300,16,8,18147.689,35752000
2006,chevrolet,chevrolet ssr,gm,3803,47.015762,4760,390,17,3,15044.04,35752000
2006,dodge,dodge ram dakota,daimler,76098,29.547979,4417.5,210,16,0,15666.08,35752000
2006,dodge,dodge ram pickup,daimler,364177,38.550812,6002.5,330,13.5,3,18284.119,35752000
2006,ford,ford f series,ford,744996,37.251675,5970,300,14,2,18472.881,35752000
2006,ford,ford ranger,ford,92420,23.378557,3221,148,18,8,13439.01,35752000
2006,gmc,gmc canyon,gm,23979,24.130997,3611,175,19,3,13999.96,35752000
2006,gmc,gmc sierra,gm,210736,38.459694,5561,300,15.5,5,18912.811,35752000
2006,honda,honda ridgeline,honda,50193,36.005447,4498,247,16,1,15778.84,35752000
2006,isuzu,isuzu i-series,gm,3497,23.101093,3674,175,17,1,13999.96,35752000
2006,lincoln,lincoln mark lt,ford,12753,49.137882,5455.5,300,14.5,1,17613.061,35752000
2006,mazda,mazda b series,mazda,4086,25.747568,3421,154,18,8,14179.51,35752000
2006,mitsubishi,mitsubishi raider,mitsubishi,7595,32.737034,4330.5,220,15,1,15810.81,35752000
2006,nissan,nissan frontier,nissan,77510,28.369352,4306,265,16,1,14960.4,35752000
2006,nissan,nissan titan,nissan,72192,34.823879,4984.5,305,14,3,17666.961,35752000
2006,toyota,toyota tacoma,toyota,178351,25.418375,3715,236,18,1,15524.26,35752000
2006,toyota,toyota tundra,toyota,124508,32.707642,4555,271,16,7,16416.16,35752000
2007,chevrolet,chevrolet avalanche,gm,55550,39.68623,5561.5,315,15,0,17504.83,36404000
2007,chevrolet,chevrolet colorado,gm,75716,20.850489,3611,185,17,4,14103.51,36404000
2007,chevrolet,chevrolet silverado,gm,618257,34.256416,5659,300,16,0,19032.301,36404000
2007,chevrolet,chevrolet ssr,gm,244,47.015762,4760,390,17,4,15044.04,36404000
2007,dodge,dodge ram dakota,daimler,50702,28.992353,4417.5,210,16,1,15687.96,36404000
2007,dodge,dodge ram pickup,daimler,357707,37.92297,6114,330,13.5,4,18261.15,36404000
2007,ford,ford f series,ford,633949,36.80843,5954,300,15,3,18840.42,36404000
2007,ford,ford ranger,ford,72711,22.150785,3337.5,148,17.5,9,14067.38,36404000
2007,gmc,gmc canyon,gm,20888,20.850489,3677,185,18,4,14103.51,36404000
2007,gmc,gmc sierra,gm,208243,35.811058,5659,300,16,0,19152.029,36404000
2007,honda,honda ridgeline,honda,42795,34.159248,4506.5,247,16,2,15778.84,36404000
2007,hummer,hummer h2 sut,gm,2534,62.071354,6400,325,10,0,16524.199,36404000
2007,isuzu,isuzu i-series,gm,4138,27.712631,3783,242,17,2,14207.06,36404000
2007,lincoln,lincoln mark lt,ford,8382,46.519222,5455.5,300,14.5,2,18085.26,36404000
2007,mazda,mazda b series,mazda,2657,24.219831,3363,148,18,9,14221.69,36404000
2007,mitsubishi,mitsubishi raider,mitsubishi,8262,29.746811,4377.5,210,15.5,2,15810.81,36404000
2007,nissan,nissan frontier,nissan,64397,28.463661,4318,265,16,2,14960.4,36404000
2007,nissan,nissan titan,nissan,65746,34.447887,4984.5,317,14,4,17666.961,36404000
2007,toyota,toyota tacoma,toyota,173238,25.10289,3715,236,18,2,15524.26,36404000
2007,toyota,toyota tundra,toyota,196555,34.787964,4930,271,15,0,18273.131,36404000
2008,chevrolet,chevrolet avalanche,gm,35003,39.121662,5561.5,315,14,1,17504.83,36712000
2008,chevrolet,chevrolet colorado,gm,54346,21.39238,3611,185,17,5,14103.51,36712000
2008,chevrolet,chevrolet silverado,gm,465065,34.737503,5742,315,14,1,18812,36712000
2008,chevrolet,chevrolet ssr,gm,13,47.015762,4760,390,17,5,15044.04,36712000
2008,dodge,dodge ram dakota,cerberus,26044,29.946028,4507,210,16,2,15666.45,36712000
2008,dodge,dodge ram pickup,cerberus,240454,36.592445,5958,345,13,5,18261.15,36712000
2008,ford,ford f series,ford,476469,35.532871,5989,300,13,4,18840.42,36712000
2008,ford,ford ranger,ford,65872,21.703371,3454,148,15,10,14333.44,36712000
2008,gmc,gmc canyon,gm,14974,21.048361,3611,185,16,5,13999.96,36712000
2008,gmc,gmc sierra,gm,168544,35.400768,5742,334,14,1,18400.971,36712000
2008,honda,honda ridgeline,honda,33875,33.133007,4506.5,247,15,3,15778.84,36712000
2008,hummer,hummer h2 sut,gm,1302,62.148811,6614,393,10,1,16524.199,36712000
2008,isuzu,isuzu i-series,gm,2998,26.584564,3675,242,16,3,13999.96,36712000
2008,lincoln,lincoln mark lt,ford,4631,45.096554,5457.5,300,12.5,3,18131.221,36712000
2008,mazda,mazda b series,mazda,1319,24.967407,3662,207,15,10,14263.87,36712000
2008,mitsubishi,mitsubishi raider,mitsubishi,2935,29.793509,4360.75,210,15.25,3,15738.56,36712000
2008,nissan,nissan frontier,nissan,44997,27.873667,4309,265,15,3,14960.4,36712000
2008,nissan,nissan titan,nissan,34053,34.968681,5274,317,12,5,17823.9,36712000
2008,suzuki,suzuki equator,suzuki,13,27.785307,4248,265,15,0,15040.48,36712000
2008,toyota,toyota tacoma,toyota,144655,24.483032,3715,236,17,3,15524.26,36712000
2008,toyota,toyota tundra,toyota,137249,32.962372,5270,276,13,1,18273.131,36712000
2009,chevrolet,chevrolet avalanche,gm,16432,44.07534,5561.5,310,14,2,17504.83,36872000
2009,chevrolet,chevrolet colorado,gm,32413,25.965176,3684,185,17.5,6,14103.51,36872000
2009,chevrolet,chevrolet silverado,gm,316544,38.330467,5720,322,14,2,18424,36872000
2009,chevrolet,chevrolet silverado hybrid,gm,799,44.821068,5761.5,332,21,0,18377,36872000
2009,dodge,dodge ram dakota,cerberus,10690,31.350996,4405.5,210,15,3,15666.45,36872000
2009,dodge,dodge ram pickup,cerberus,173066,43.290943,5855,350,13,6,18261.15,36872000
2009,ford,ford f series,ford,392112,37.526737,6966,300,14,0,19471.631,36872000
2009,ford,ford ranger,ford,55600,23.399317,3221,207,15,11,14129.84,36872000
2009,gmc,gmc canyon,gm,10107,23.990376,3688,185,18,6,13999.96,36872000
2009,gmc,gmc sierra,gm,111842,38.788952,5719.5,322,14,2,18424,36872000
2009,gmc,gmc sierra hybrid,gm,799,48.618763,5761.5,332,21,0,18377,36872000
2009,honda,honda ridgeline,honda,16464,35.1045,4504,250,15,4,16104.6,36872000
2009,hummer,hummer h2 sut,gm,366,68.783829,6765,393,10,2,16524.199,36872000
2009,isuzu,isuzu i-series,gm,97,26.584564,3675,242,16,4,13999.96,36872000
2009,lincoln,lincoln mark lt,ford,147,45.096554,5457.5,300,12.5,4,18131.221,36872000
2009,mazda,mazda b series,mazda,573,21.902334,3330.5,175,18,11,13634.72,36872000
2009,mitsubishi,mitsubishi raider,mitsubishi,1944,29.840204,4344,210,15,4,15666.45,36872000
2009,nissan,nissan frontier,nissan,28415,28.83485,4307,261,15,4,14960.4,36872000
2009,nissan,nissan titan,nissan,19042,35.772892,5274,317,12,6,17823.9,36872000
2009,suzuki,suzuki equator,suzuki,2221,27.785307,4248,265,15,1,15040.48,36872000
2009,toyota,toyota tacoma,toyota,111824,26.277277,3715,236,17,4,15524.26,36872000
2009,toyota,toyota tundra,toyota,79385,32.425396,5255,276,13.5,2,18273.131,36872000
2010,chevrolet,chevrolet avalanche,gm,20515,44.896751,5561.5,310,14,3,17504.83,37016000
2010,chevrolet,chevrolet colorado,gm,24642,23.836962,3684,185,17.5,7,14103.51,37016000
2010,chevrolet,chevrolet silverado,gm,370135,38.331532,5720,360,14,3,19200,37016000
2010,chevrolet,chevrolet silverado hybrid,gm,1196.5,44.467403,5761.5,332,21,1,18377,37016000
2010,ford,ford f series,ford,502125,38.369576,6247,300,14,1,19471.631,37016000
2010,ford,ford ranger,ford,55364,23.885876,3189,175,18.5,12,14129.84,37016000
2010,gmc,gmc canyon,gm,7992,26.067942,3735,185,17.5,7,14103.51,37016000
2010,gmc,gmc sierra,gm,129794,38.168488,5720,356.5,14,3,19200,37016000
2010,gmc,gmc sierra hybrid,gm,1196.5,44.869576,5761.5,332,21,1,18377,37016000
2010,honda,honda ridgeline,honda,16142,35.07066,4504,250,15,5,16104.6,37016000
2010,nissan,nissan frontier,nissan,40427,28.78805,4327,261,15,5,14960.4,37016000
2010,nissan,nissan titan,nissan,23416,35.048923,5195,317,12,7,17855.699,37016000
2010,ram,ram dakota,fiat,13047,31.108704,4395,210,14,0,15666.45,37016000
2010,ram,ram pickup,fiat,194175,42.717403,6252,350,13.5,0,18849.561,37016000
2010,suzuki,suzuki equator,suzuki,1447,27.929354,4186.5,263,15,2,15040.48,37016000
2010,toyota,toyota tacoma,toyota,106198,25.91305,3810,236,17,5,15524.26,37016000
2010,toyota,toyota tundra,toyota,93309,32.2174,5285,310,14,3,18273.131,37016000
2011,chevrolet,chevrolet avalanche,gm,20088,43.928505,5609.5,320,14,4,17504.83,37472000
2011,chevrolet,chevrolet colorado,gm,31026,23.170732,3684,185,17.5,8,14103.51,37472000
2011,chevrolet,chevrolet silverado,gm,415130,37.880299,6115,360,14,4,19208,37472000
2011,chevrolet,chevrolet silverado hybrid,gm,582.5,43.106621,5664.5,332,20,2,18377,37472000
2011,ford,ford f series,ford,552647,39.618896,6310,385,15,2,19487.609,37472000
2011,ford,ford ranger,ford,70832,21.442673,3189,143,22,13,14129.84,37472000
2011,gmc,gmc canyon,gm,9590,25.25968,3686,185,17.5,8,14103.51,37472000
2011,gmc,gmc sierra,gm,149170,38.454563,6186.5,322,14,4,19208,37472000
2011,gmc,gmc sierra hybrid,gm,582.5,50.166374,5664.5,332,20,2,18377,37472000
2011,honda,honda ridgeline,honda,9759,34.123882,4504,250,15,6,16104.6,37472000
2011,nissan,nissan frontier,nissan,51700,28.049335,4350,261,15,6,14960.4,37472000
2011,nissan,nissan titan,nissan,21994,34.661266,5265.5,317,12,8,17855.699,37472000
2011,ram,ram dakota,fiat,12115,29.608803,4382,210,15,1,15666.45,37472000
2011,ram,ram pickup,fiat,233770,41.915947,6309,350,13.5,1,18849.561,37472000
2011,suzuki,suzuki equator,suzuki,2127,27.632072,4271,261,15,3,15040.48,37472000
2011,toyota,toyota tacoma,toyota,110705,24.933035,3780,159,17.5,6,15524.26,37472000
2011,toyota,toyota tundra,toyota,82908,34.434719,5390,381,14,4,18273.131,37472000
2012,chevrolet,chevrolet avalanche,gm,23995,47.479549,5805.5,320,15,5,17504.83,38432000
2012,chevrolet,chevrolet colorado,gm,36840,23.924305,3684,185,18,9,14103.51,38432000
2012,chevrolet,chevrolet silverado,gm,418312,37.205261,6165,322,14,5,19208,38432000
2012,chevrolet,chevrolet silverado hybrid,gm,470,43.18763,5664.5,332,20,3,18377,38432000
2012,ford,ford f series,ford,607854,39.440262,6310,360,15,3,19487.609,38432000
2012,ford,ford ranger,ford,19366,21.442673,3189,143,22,14,14129.84,38432000
2012,gmc,gmc canyon,gm,8735,26.556753,3688,185,17,9,14207.06,38432000
2012,gmc,gmc sierra,gm,157185,38.691822,6208,322,14,5,19208,38432000
2012,gmc,gmc sierra hybrid,gm,470,43.569592,5682,332,20,3,18400,38432000
2012,honda,honda ridgeline,honda,14068,32.833332,4504,250,15,7,16096.82,38432000
2012,nissan,nissan frontier,nissan,55435,26.747734,4372.5,261,15,7,14960.4,38432000
2012,nissan,nissan titan,nissan,21576,33.586937,5265.5,317,12,9,17855.699,38432000
2012,ram,ram dakota,fiat,485,29.608803,4382,210,15,2,15666.45,38432000
2012,ram,ram pickup,fiat,278622,42.653397,6146,350,13.5,2,18849.561,38432000
2012,suzuki,suzuki equator,suzuki,1966,27.371264,4248,261,15,4,15040.48,38432000
2012,toyota,toyota tacoma,toyota,141365,24.747589,3815,197.5,17.5,7,15524.26,38432000
2012,toyota,toyota tundra,toyota,101621,31.95998,5335,310,14,5,18273.131,38432000
2013,cadillac,cadillac escalade ext,gm,1972,69.434387,5961,403,13,6,17560.199,38984000
2013,chevrolet,chevrolet avalanche,gm,16526,42.068111,5754,320,14,6,17504.83,38984000
2013,chevrolet,chevrolet colorado,gm,3412,23.924305,3684,185,18,10,14103.51,38984000
2013,chevrolet,chevrolet silverado,gm,480414,37.975506,6178,360,14,6,19208,38984000
2013,chevrolet,chevrolet silverado hybrid,gm,84.5,46.763542,5682,332,20,4,18377,38984000
2013,ford,ford f series,ford,713960,39.995102,6419,360,15,4,19487.609,38984000
2013,gmc,gmc canyon,gm,929,26.556753,3688,185,17,10,14207.06,38984000
2013,gmc,gmc sierra,gm,184389,39.048893,6225,360,14,6,19208,38984000
2013,gmc,gmc sierra hybrid,gm,84.5,43.754498,5682,332,20,4,18377,38984000
2013,honda,honda ridgeline,honda,17723,32.461044,4504,250,15,8,16096.82,38984000
2013,nissan,nissan frontier,nissan,62837,27.913141,4365,261,16,8,14960.4,38984000
2013,nissan,nissan titan,nissan,15691,35.996609,5265.5,317,12,10,17855.699,38984000
2013,ram,ram pickup,fiat,341617,40.208759,6291,350,16,3,18849.561,38984000
2013,suzuki,suzuki equator,suzuki,448,27.371264,4248,261,15,5,15040.48,38984000
2013,toyota,toyota tacoma,toyota,159485,25.054169,3865,197.5,17.5,8,15524.26,38984000
2013,toyota,toyota tundra,toyota,112732,34.078758,5335,381,14,6,18273.131,38984000
2014,chevrolet,chevrolet avalanche,gm,92,42.068111,5754,320,14,7,17504.83,39292000
2014,chevrolet,chevrolet colorado,gm,8003,23.924305,3684,185,18,11,14103.51,39292000
2014,chevrolet,chevrolet silverado,gm,529755,39.309116,6122.5,360,16,0,19168,39292000
2014,chevrolet,chevrolet silverado hybrid,gm,15,46.763542,5682,332,20,5,18377,39292000
2014,ford,ford f series,ford,701102,39.616982,6253,316,15,5,19028.186,39292000
2014,gmc,gmc canyon,gm,3070,26.556753,3688,185,17,11,14207.06,39292000
2014,gmc,gmc sierra,gm,211833,41.659405,6092,360,16,7,19120,39292000
2014,gmc,gmc sierra hybrid,gm,15,43.754498,5682,332,20,5,18377,39292000
2014,honda,honda ridgeline,honda,13389,32.418446,4504,250,15,9,16096.82,39292000
2014,nissan,nissan frontier,nissan,74323,27.032059,4339.5,261,16,9,14960.4,39292000
2014,nissan,nissan titan,nissan,12527,35.747395,5265.5,317,12,11,17855.699,39292000
2014,ram,ram pickup,fiat,421191,41.233898,5972,383,15,4,18841.619,39292000
2014,toyota,toyota tacoma,toyota,155041,24.448994,3900,159,18,9,15524.26,39292000
2014,toyota,toyota tundra,toyota,118493,33.65992,5480,381,13,7,18289.109,39292000
2015,chevrolet,chevrolet colorado,gm,84430,30.26,4140,193,19,0,15796.18,39836000
2015,chevrolet,chevrolet silverado,gm,600544,39.262501,6044,360,16.5,1,18439.02,39836000
2015,ford,ford f series,ford,725726,39.907501,6383,316,18,0,19471.631,39836000
2015,gmc,gmc canyon,gm,30077,30.98,4140,193,19,0,15796.18,39836000
2015,gmc,gmc sierra,gm,224139,41.09,6236,360,17,0,19191.699,39836000
2015,honda,honda ridgeline,honda,520,32.418446,4504,250,15,10,16096.82,39836000
2015,nissan,nissan frontier,nissan,62817,27.41,4401.5,261,16,10,14960.4,39836000
2015,nissan,nissan titan,nissan,12140,35.945,5271.5,317,12,12,17855.699,39836000
2015,ram,ram pickup,fiat,434435,41.990002,6331,383,15,5,18849.561,39836000
2015,toyota,toyota tacoma,toyota,179562,25.745001,4030,236,17,10,15524.26,39836000
2015,toyota,toyota tundra,toyota,118880,35.560001,5390,381,13,8,18289.109,39836000
2016,chevrolet,chevrolet colorado,gm,108725,30.480473,4140,200,19,1,15803.61,40328000
2016,chevrolet,chevrolet silverado,gm,574876,40.849659,6199,360,16.5,2,19271.699,40328000
2016,ford,ford f series,ford,763887,41.257019,6481,385,18,1,19695.35,40328000
2016,gmc,gmc canyon,gm,37449,30.947086,4100,200,19,1,15781.32,40328000
2016,gmc,gmc sierra,gm,221680,42.958061,6329,360,17,1,19271.699,40328000
2016,honda,honda ridgeline,honda,23667,32.418446,4504,250,15,11,16096.82,40328000
2016,nissan,nissan frontier,nissan,86926,27.305527,4376,261,16,11,14960.4,40328000
2016,nissan,nissan titan,nissan,21880,51.51511,7152,310,13.5,0,19286.26,40328000
2016,ram,ram pickup,fiat,473681,42.3606,6324,383,15,6,18841.619,40328000
2016,toyota,toyota tacoma,toyota,191631,31.270506,4445,278,18,0,15795.12,40328000
2016,toyota,toyota tundra,toyota,115489,36.435349,5480,381,13,9,18289.109,40328000
2017,chevrolet,chevrolet colorado,gm,112996,30.410431,4100,200,19,2,15781.32,40488000
2017,chevrolet,chevrolet silverado,gm,585864,42.204746,6243,360,16,3,19275.725,40488000
2017,ford,ford f series,ford,834445,42.158817,6291,385,17,2,20000,40488000
2017,gmc,gmc canyon,gm,32106,33.69466,4125,254,18.5,2,15781.32,40488000
2017,gmc,gmc sierra,gm,217943,43.633408,6334,360,17,2,19279.75,40488000
2017,honda,honda ridgeline,honda,34749,34.121086,4431,280,18,0,16521.721,40488000
2017,nissan,nissan frontier,nissan,74360,26.503973,4174,261,16,12,14960.4,40488000
2017,nissan,nissan titan,nissan,52924,37.715702,7178,390,15,1,18133.949,40488000
2017,ram,ram pickup,fiat,483520,43.236961,5856,383,16,7,18849.561,40488000
2017,toyota,toyota tacoma,toyota,198124,31.943039,4445,278,18,1,15795.12,40488000
2017,toyota,toyota tundra,toyota,116285,36.366814,5410,381,13,10,18289.109,40488000
2018,chevrolet,chevrolet colorado,gm,134842,30.190289,4151,254,18.5,3,15781.32,41036000
2018,chevrolet,chevrolet silverado,gm,585575,41.148838,6199,360,16,4,19239.5,41036000
2018,ford,ford f series,ford,844448,42.522198,6279,385,18,3,20000,41036000
2018,gmc,gmc canyon,gm,33492,33.508057,4162,308,18,3,15781.32,41036000
2018,gmc,gmc sierra,gm,219554,43.069653,6334,360,17,3,19279.75,41036000
2018,honda,honda ridgeline,honda,30592,34.706799,4433,280,18,1,16506,41036000
2018,nissan,nissan frontier,nissan,79646,27.618191,4346.5,261,16,13,14960.4,41036000
2018,nissan,nissan titan,nissan,50459,43.01302,5858.5,350,15,2,18845.475,41036000
2018,ram,ram pickup,fiat,521046,42.607147,5653,383,16,8,18849.561,41036000
2018,toyota,toyota tacoma,toyota,245659,32.229088,4230,278,18,2,15795.12,41036000
2018,toyota,toyota tundra,toyota,118258,36.443554,5410,381,13,11,18289.109,41036000
